{
	"credit": "Made with Blockbench",
	"texture_size": [32, 32],
	"textures": {
		"1": "item/glass_bottle",
		"2": "item/black_dye",
		"particle": "item/black_dye"
	},
	"elements": [
		{
			"from": [0, 0, 0],
			"to": [5, 1, 5],
			"faces": {
				"north": {"uv": [6, 14, 11, 15], "texture": "#1"},
				"east": {"uv": [6, 14, 11, 15], "texture": "#1"},
				"south": {"uv": [6, 14, 11, 15], "texture": "#1"},
				"west": {"uv": [6, 14, 11, 15], "texture": "#1"},
				"up": {"uv": [6, 9, 11, 13], "texture": "#1"},
				"down": {"uv": [11, 9, 6, 13], "texture": "#1"}
			}
		},
		{
			"from": [-1, 1, 0],
			"to": [0, 2, 5],
			"faces": {
				"north": {"uv": [11, 13, 12, 14], "texture": "#1"},
				"east": {"uv": [6, 13, 11, 14], "texture": "#1"},
				"south": {"uv": [5, 13, 6, 14], "texture": "#1"},
				"west": {"uv": [6, 13, 11, 14], "texture": "#1"},
				"up": {"uv": [11, 8, 12, 13], "texture": "#1"},
				"down": {"uv": [6, 9, 5, 13], "texture": "#1"}
			}
		},
		{
			"from": [-1, 6, 0],
			"to": [0, 7, 5],
			"faces": {
				"north": {"uv": [11, 8, 12, 9], "texture": "#1"},
				"east": {"uv": [6, 8, 11, 9], "texture": "#1"},
				"south": {"uv": [5, 8, 6, 9], "texture": "#1"},
				"west": {"uv": [6, 8, 11, 9], "texture": "#1"},
				"up": {"uv": [6, 7, 11, 8], "texture": "#1"},
				"down": {"uv": [6, 7, 11, 8], "texture": "#1"}
			}
		},
		{
			"from": [0, 7, 1],
			"to": [1, 8, 4],
			"faces": {
				"north": {"uv": [10, 7, 11, 8], "texture": "#1"},
				"east": {"uv": [7, 7, 10, 8], "texture": "#1"},
				"south": {"uv": [6, 7, 7, 8], "texture": "#1"},
				"west": {"uv": [7, 7, 10, 8], "texture": "#1"},
				"up": {"uv": [7, 7, 10, 8], "texture": "#1"},
				"down": {"uv": [10, 7, 7, 8], "texture": "#1"}
			}
		},
		{
			"from": [4, 7, 1],
			"to": [5, 8, 4],
			"faces": {
				"north": {"uv": [6, 7, 7, 8], "texture": "#1"},
				"east": {"uv": [7, 7, 10, 8], "texture": "#1"},
				"south": {"uv": [10, 7, 11, 8], "texture": "#1"},
				"west": {"uv": [7, 7, 10, 8], "texture": "#1"},
				"up": {"uv": [7, 7, 10, 8], "texture": "#1"},
				"down": {"uv": [10, 7, 9, 9], "texture": "#1"}
			}
		},
		{
			"from": [3, 8, 2],
			"to": [4, 10, 3],
			"faces": {
				"north": {"uv": [7, 5, 8, 7], "texture": "#1"},
				"east": {"uv": [8, 5, 9, 7], "texture": "#1"},
				"south": {"uv": [9, 5, 10, 7], "texture": "#1"},
				"west": {"uv": [8, 5, 9, 7], "texture": "#1"},
				"up": {"uv": [12.5, 15, 12, 14.5], "texture": "#1"},
				"down": {"uv": [7, 4, 10, 5], "texture": "#1"}
			}
		},
		{
			"from": [1, 8, 2],
			"to": [2, 10, 3],
			"faces": {
				"north": {"uv": [9, 5, 10, 7], "texture": "#1"},
				"east": {"uv": [8, 5, 9, 7], "texture": "#1"},
				"south": {"uv": [7, 5, 8, 7], "texture": "#1"},
				"west": {"uv": [8, 5, 9, 7], "texture": "#1"},
				"up": {"uv": [15, 13, 14.5, 12.5], "texture": "#1"},
				"down": {"uv": [15, 13, 14.5, 13.5], "texture": "#1"}
			}
		},
		{
			"from": [2, 8, 1],
			"to": [2, 10, 4],
			"faces": {
				"north": {"uv": [0, 0, 0, 1], "texture": "#missing"},
				"east": {"uv": [7, 5, 10, 7], "texture": "#1"},
				"south": {"uv": [0, 0, 0, 1], "texture": "#missing"},
				"west": {"uv": [7, 5, 10, 7], "texture": "#1"},
				"up": {"uv": [0, 1.5, 0, 0], "texture": "#missing"},
				"down": {"uv": [0, 0, 0, 1.5], "texture": "#missing"}
			}
		},
		{
			"from": [0, 10, 1],
			"to": [1, 12, 4],
			"faces": {
				"north": {"uv": [7, 3, 10, 5], "texture": "#1"},
				"east": {"uv": [7, 3, 10, 5], "texture": "#1"},
				"south": {"uv": [7, 3, 10, 5], "texture": "#1"},
				"west": {"uv": [7, 3, 10, 5], "texture": "#1"},
				"up": {"uv": [7, 3, 10, 4], "texture": "#1"},
				"down": {"uv": [7, 4, 9, 5], "texture": "#1"}
			}
		},
		{
			"from": [4, 10, 1],
			"to": [5, 12, 4],
			"faces": {
				"north": {"uv": [7, 3, 10, 5], "texture": "#1"},
				"east": {"uv": [7, 3, 10, 5], "texture": "#1"},
				"south": {"uv": [7, 3, 10, 5], "texture": "#1"},
				"west": {"uv": [7, 3, 10, 5], "texture": "#1"},
				"up": {"uv": [7, 3, 10, 4], "texture": "#1"},
				"down": {"uv": [9, 4, 7, 5], "texture": "#1"}
			}
		},
		{
			"from": [1, 10, 1],
			"to": [4, 13, 4],
			"faces": {
				"north": {"uv": [7, 2, 10, 3], "texture": "#1"},
				"east": {"uv": [7, 2, 10, 3], "texture": "#1"},
				"south": {"uv": [7, 2, 10, 3], "texture": "#1"},
				"west": {"uv": [7, 2, 10, 3], "texture": "#1"},
				"up": {"uv": [7, 4, 10, 5], "texture": "#1"},
				"down": {"uv": [10, 4, 7, 5], "texture": "#1"}
			}
		},
		{
			"from": [-2, 2, 0],
			"to": [-1, 6, 5],
			"faces": {
				"north": {"uv": [12, 9, 13, 13], "texture": "#1"},
				"east": {"uv": [6, 9, 11, 13], "texture": "#1"},
				"south": {"uv": [4, 9, 5, 13], "texture": "#1"},
				"west": {"uv": [6, 9, 11, 13], "texture": "#1"},
				"up": {"uv": [6, 8, 7, 13], "texture": "#1"},
				"down": {"uv": [11, 8, 12, 13], "texture": "#1"}
			}
		},
		{
			"from": [6, 2, 0],
			"to": [7, 6, 5],
			"faces": {
				"north": {"uv": [4, 9, 5, 13], "texture": "#1"},
				"east": {"uv": [6, 9, 11, 13], "texture": "#1"},
				"south": {"uv": [12, 9, 13, 13], "texture": "#1"},
				"west": {"uv": [6, 9, 11, 13], "texture": "#1"},
				"up": {"uv": [10, 8, 11, 13], "texture": "#1"},
				"down": {"uv": [5, 8, 6, 13], "texture": "#1"}
			}
		},
		{
			"from": [5, 1, 0],
			"to": [6, 2, 5],
			"faces": {
				"north": {"uv": [5, 13, 6, 14], "texture": "#1"},
				"east": {"uv": [6, 13, 11, 14], "texture": "#1"},
				"south": {"uv": [11, 13, 12, 14], "texture": "#1"},
				"west": {"uv": [6, 13, 11, 14], "texture": "#1"},
				"up": {"uv": [11, 8, 12, 12], "texture": "#1"},
				"down": {"uv": [12, 9, 11, 13], "texture": "#1"}
			}
		},
		{
			"from": [5, 6, 0],
			"to": [6, 7, 5],
			"faces": {
				"north": {"uv": [5, 8, 6, 9], "texture": "#1"},
				"east": {"uv": [6, 8, 11, 9], "texture": "#1"},
				"south": {"uv": [11, 8, 12, 9], "texture": "#1"},
				"west": {"uv": [6, 8, 11, 9], "texture": "#1"},
				"up": {"uv": [11, 8, 12, 13], "texture": "#1"},
				"down": {"uv": [6, 8, 11, 9], "texture": "#1"}
			}
		},
		{
			"from": [0, 1, -1],
			"to": [5, 2, 0],
			"faces": {
				"north": {"uv": [6, 13, 11, 14], "texture": "#1"},
				"east": {"uv": [11, 13, 12, 14], "texture": "#1"},
				"south": {"uv": [6, 13, 11, 14], "texture": "#1"},
				"west": {"uv": [5, 13, 6, 14], "texture": "#1"},
				"up": {"uv": [6, 7, 11, 8], "texture": "#1"},
				"down": {"uv": [6, 8, 11, 9], "texture": "#1"}
			}
		},
		{
			"from": [0, 1, 5],
			"to": [5, 2, 6],
			"faces": {
				"north": {"uv": [6, 13, 11, 14], "texture": "#1"},
				"east": {"uv": [5, 13, 6, 14], "texture": "#1"},
				"south": {"uv": [6, 13, 11, 14], "texture": "#1"},
				"west": {"uv": [11, 13, 12, 14], "texture": "#1"},
				"up": {"uv": [6, 7, 11, 8], "texture": "#1"},
				"down": {"uv": [6, 8, 11, 9], "texture": "#1"}
			}
		},
		{
			"from": [0, 6, 5],
			"to": [5, 7, 6],
			"faces": {
				"north": {"uv": [6, 8, 11, 9], "texture": "#1"},
				"east": {"uv": [5, 8, 6, 9], "texture": "#1"},
				"south": {"uv": [6, 8, 11, 9], "texture": "#1"},
				"west": {"uv": [11, 8, 12, 9], "texture": "#1"},
				"up": {"uv": [6, 7, 11, 8], "texture": "#1"},
				"down": {"uv": [11, 7, 6, 8], "texture": "#1"}
			}
		},
		{
			"from": [0, 7, 4],
			"to": [5, 8, 5],
			"faces": {
				"north": {"uv": [6, 7, 11, 8], "texture": "#1"},
				"east": {"uv": [6, 7, 7, 8], "texture": "#1"},
				"south": {"uv": [6, 7, 11, 8], "texture": "#1"},
				"west": {"uv": [10, 7, 11, 8], "texture": "#1"},
				"up": {"uv": [6, 7, 11, 8], "texture": "#1"},
				"down": {"uv": [11, 7, 6, 8], "texture": "#1"}
			}
		},
		{
			"from": [0, 7, 0],
			"to": [5, 8, 1],
			"faces": {
				"north": {"uv": [6, 7, 11, 8], "texture": "#1"},
				"east": {"uv": [10, 7, 11, 8], "texture": "#1"},
				"south": {"uv": [7, 7, 10, 8], "texture": "#1"},
				"west": {"uv": [6, 7, 7, 8], "texture": "#1"},
				"up": {"uv": [6, 7, 11, 8], "texture": "#1"},
				"down": {"uv": [11, 7, 6, 8], "texture": "#1"}
			}
		},
		{
			"from": [2, 8, 1],
			"to": [3, 9, 2],
			"faces": {
				"north": {"uv": [8, 6, 9, 7], "texture": "#1"},
				"east": {"uv": [9, 6, 10, 7], "texture": "#1"},
				"south": {"uv": [8, 6, 9, 7], "texture": "#1"},
				"west": {"uv": [7, 5, 8, 7], "texture": "#1"},
				"up": {"uv": [15, 4.5, 13.5, 4], "texture": "#1"},
				"down": {"uv": [15, 4.5, 13.5, 5], "texture": "#missing"}
			}
		},
		{
			"from": [1, 8, 1],
			"to": [4, 10, 2],
			"faces": {
				"north": {"uv": [7, 5, 10, 7], "texture": "#1"},
				"east": {"uv": [9, 5, 10, 7], "texture": "#1"},
				"south": {"uv": [8, 5, 9, 7], "texture": "#1"},
				"west": {"uv": [7, 5, 8, 7], "texture": "#1"},
				"up": {"uv": [15, 5.5, 13.5, 5], "texture": "#1"},
				"down": {"uv": [15, 5.5, 13.5, 6], "texture": "#1"}
			}
		},
		{
			"from": [0, 10, 0],
			"to": [5, 12, 1],
			"faces": {
				"north": {"uv": [6, 3, 11, 5], "texture": "#1"},
				"east": {"uv": [10, 3, 11, 5], "texture": "#1"},
				"south": {"uv": [6, 3, 11, 5], "texture": "#1"},
				"west": {"uv": [6, 3, 7, 5], "texture": "#1"},
				"up": {"uv": [6, 3, 11, 4], "texture": "#1"},
				"down": {"uv": [6, 4, 11, 5], "texture": "#1"}
			}
		},
		{
			"from": [0, 10, 4],
			"to": [5, 12, 5],
			"faces": {
				"north": {"uv": [6, 3, 11, 5], "texture": "#1"},
				"east": {"uv": [6, 3, 7, 5], "texture": "#1"},
				"south": {"uv": [6, 3, 11, 5], "texture": "#1"},
				"west": {"uv": [10, 3, 11, 5], "texture": "#1"},
				"up": {"uv": [6, 3, 11, 4], "texture": "#1"},
				"down": {"uv": [6, 4, 11, 5], "texture": "#1"}
			}
		},
		{
			"from": [1, 8, 3],
			"to": [4, 10, 4],
			"faces": {
				"north": {"uv": [8, 5, 9, 7], "texture": "#1"},
				"east": {"uv": [7, 5, 8, 7], "texture": "#1"},
				"south": {"uv": [7, 5, 10, 7], "texture": "#1"},
				"west": {"uv": [9, 5, 10, 6.5], "texture": "#1"},
				"up": {"uv": [15, 6.5, 13.5, 6], "texture": "#1"},
				"down": {"uv": [15, 9, 13.5, 9.5], "texture": "#1"}
			}
		},
		{
			"from": [0, 6, -1],
			"to": [5, 7, 0],
			"faces": {
				"north": {"uv": [6, 8, 11, 9], "texture": "#1"},
				"east": {"uv": [11, 8, 12, 9], "texture": "#1"},
				"south": {"uv": [6, 8, 11, 9], "texture": "#1"},
				"west": {"uv": [5, 8, 6, 9], "texture": "#1"},
				"up": {"uv": [6, 7, 11, 8], "texture": "#1"},
				"down": {"uv": [11, 7, 6, 8], "texture": "#1"}
			}
		},
		{
			"from": [0, 2, 6],
			"to": [5, 6, 7],
			"faces": {
				"north": {"uv": [6, 9, 11, 13], "texture": "#1"},
				"east": {"uv": [4, 9, 5, 13], "texture": "#1"},
				"south": {"uv": [6, 9, 11, 13], "texture": "#1"},
				"west": {"uv": [12, 9, 13, 13], "texture": "#1"},
				"up": {"uv": [6, 8, 11, 9], "texture": "#1"},
				"down": {"uv": [6, 7, 11, 8], "texture": "#1"}
			}
		},
		{
			"from": [0, 2, -2],
			"to": [5, 6, -1],
			"faces": {
				"north": {"uv": [6, 9, 11, 13], "texture": "#1"},
				"east": {"uv": [12, 9, 13, 13], "texture": "#1"},
				"south": {"uv": [6, 9, 11, 13], "texture": "#1"},
				"west": {"uv": [4, 9, 5, 13], "texture": "#1"},
				"up": {"uv": [6, 8, 11, 9], "texture": "#1"},
				"down": {"uv": [6, 7, 11, 8], "texture": "#1"}
			}
		},
		{
			"from": [-1, 2, -1],
			"to": [0, 6, 0],
			"faces": {
				"north": {"uv": [11, 9, 12, 13], "texture": "#1"},
				"east": {"uv": [11, 9, 12, 13], "texture": "#1"},
				"south": {"uv": [5, 9, 6, 13], "texture": "#1"},
				"west": {"uv": [5, 9, 6, 13], "texture": "#1"},
				"up": {"uv": [5, 8, 6, 9], "texture": "#1"},
				"down": {"uv": [10, 7, 11, 8], "texture": "#1"}
			}
		},
		{
			"from": [5, 2, -1],
			"to": [6, 6, 0],
			"faces": {
				"north": {"uv": [5, 9, 6, 13], "texture": "#1"},
				"east": {"uv": [11, 9, 12, 13], "texture": "#1"},
				"south": {"uv": [11, 9, 12, 13], "texture": "#1"},
				"west": {"uv": [5, 9, 6, 13], "texture": "#1"},
				"up": {"uv": [11, 8, 12, 9], "texture": "#1"},
				"down": {"uv": [5, 8, 6, 9], "texture": "#1"}
			}
		},
		{
			"from": [5, 2, 5],
			"to": [6, 6, 6],
			"faces": {
				"north": {"uv": [5, 9, 6, 13], "texture": "#1"},
				"east": {"uv": [5, 9, 6, 13], "texture": "#1"},
				"south": {"uv": [11, 9, 12, 13], "texture": "#1"},
				"west": {"uv": [11, 9, 12, 13], "texture": "#1"},
				"up": {"uv": [11, 8, 12, 9], "texture": "#1"},
				"down": {"uv": [10, 7, 11, 8], "texture": "#1"}
			}
		},
		{
			"from": [-1, 2, 5],
			"to": [0, 6, 6],
			"faces": {
				"north": {"uv": [11, 9, 12, 13], "texture": "#1"},
				"east": {"uv": [5, 9, 6, 13], "texture": "#1"},
				"south": {"uv": [5, 9, 6, 13], "texture": "#1"},
				"west": {"uv": [11, 9, 12, 13], "texture": "#1"},
				"up": {"uv": [6, 7, 7, 8], "texture": "#1"},
				"down": {"uv": [6, 8, 5, 9], "texture": "#1"}
			}
		},
		{
			"from": [0, 1, 0],
			"to": [5, 5.75, 5],
			"faces": {
				"north": {"uv": [4, 6, 14, 11], "texture": "#2"},
				"east": {"uv": [4, 6, 14, 11], "texture": "#2"},
				"south": {"uv": [4, 6, 14, 11], "texture": "#2"},
				"west": {"uv": [4, 6, 14, 11], "texture": "#2"},
				"up": {"uv": [4, 6, 14, 11], "texture": "#2"},
				"down": {"uv": [4, 6, 14, 11], "texture": "#2"}
			}
		},
		{
			"from": [0, 2, -1],
			"to": [5, 6, 6],
			"faces": {
				"north": {"uv": [4, 6, 14, 11], "texture": "#2"},
				"east": {"uv": [4, 6, 14, 11], "texture": "#2"},
				"south": {"uv": [4, 6, 14, 11], "texture": "#2"},
				"west": {"uv": [4, 6, 14, 11], "texture": "#2"},
				"up": {"uv": [4, 6, 14, 11], "texture": "#2"},
				"down": {"uv": [4, 6, 14, 11], "texture": "#2"}
			}
		},
		{
			"from": [-1, 2, 0],
			"to": [6, 5.75, 5],
			"faces": {
				"north": {"uv": [4, 6, 14, 11], "texture": "#2"},
				"east": {"uv": [4, 6, 14, 11], "texture": "#2"},
				"south": {"uv": [4, 6, 14, 11], "texture": "#2"},
				"west": {"uv": [4, 6, 14, 11], "texture": "#2"},
				"up": {"uv": [4, 6, 14, 11], "texture": "#2"},
				"down": {"uv": [4, 6, 14, 11], "texture": "#2"}
			}
		}
	],
	"display": {
		"fixed": {
			"rotation": [-90, 0, 0],
			"translation": [5, 5, -7.75]
		}
	}
}