{
	"credit": "Made with Blockbench",
	"texture_size": [128, 128],
	"textures": {
		"0": "item/eggattling",
		"particle": "item/eggattling"
	},
	"elements": [
		{
			"name": "brace_piece",
			"from": [0, 0, -1],
			"to": [1, 7, 6],
			"faces": {
				"north": {"uv": [0.875, 7.375, 1, 8.25], "texture": "#0"},
				"east": {"uv": [0, 7.375, 0.875, 8.25], "texture": "#0"},
				"south": {"uv": [1.875, 7.375, 2, 8.25], "texture": "#0"},
				"west": {"uv": [1, 7.375, 1.875, 8.25], "texture": "#0"},
				"up": {"uv": [1, 7.375, 0.875, 6.5], "texture": "#0"},
				"down": {"uv": [1.125, 6.5, 1, 7.375], "texture": "#0"}
			}
		},
		{
			"name": "brace_piece",
			"from": [0, -1, 0],
			"to": [1, 0, 5],
			"faces": {
				"north": {"uv": [8.75, 0.75, 8.875, 0.875], "texture": "#0"},
				"east": {"uv": [8.125, 0.75, 8.75, 0.875], "texture": "#0"},
				"south": {"uv": [9.5, 0.75, 9.625, 0.875], "texture": "#0"},
				"west": {"uv": [8.875, 0.75, 9.5, 0.875], "texture": "#0"},
				"up": {"uv": [8.875, 0.75, 8.75, 0.125], "texture": "#0"},
				"down": {"uv": [9, 0.125, 8.875, 0.75], "texture": "#0"}
			}
		},
		{
			"name": "brace_piece",
			"from": [0, 1, -2],
			"to": [1, 6, -1],
			"faces": {
				"north": {"uv": [4.5, 8.25, 4.625, 8.875], "rotation": 180, "texture": "#0"},
				"east": {"uv": [4.375, 8.25, 4.5, 8.875], "texture": "#0"},
				"south": {"uv": [4.75, 8.25, 4.875, 8.875], "texture": "#0"},
				"west": {"uv": [4.625, 8.25, 4.75, 8.875], "rotation": 270, "texture": "#0"},
				"up": {"uv": [4.625, 8.25, 4.5, 8.125], "texture": "#0"},
				"down": {"uv": [4.75, 8.125, 4.625, 8.25], "rotation": 180, "texture": "#0"}
			}
		},
		{
			"name": "brace_piece",
			"from": [0, 1, 6],
			"to": [1, 6, 7],
			"faces": {
				"north": {"uv": [4, 8.25, 4.125, 8.875], "rotation": 180, "texture": "#0"},
				"east": {"uv": [3.875, 8.25, 4, 8.875], "texture": "#0"},
				"south": {"uv": [4.25, 8.25, 4.375, 8.875], "texture": "#0"},
				"west": {"uv": [4.125, 8.25, 4.25, 8.875], "rotation": 270, "texture": "#0"},
				"up": {"uv": [4.125, 8.25, 4, 8.125], "texture": "#0"},
				"down": {"uv": [4.25, 8.125, 4.125, 8.25], "rotation": 180, "texture": "#0"}
			}
		},
		{
			"name": "brace_piece",
			"from": [0, 7, 0],
			"to": [1, 8, 5],
			"faces": {
				"north": {"uv": [8.125, 8.125, 8.25, 8.25], "texture": "#0"},
				"east": {"uv": [7.5, 8.125, 8.125, 8.25], "texture": "#0"},
				"south": {"uv": [8.875, 8.125, 9, 8.25], "texture": "#0"},
				"west": {"uv": [8.25, 8.125, 8.875, 8.25], "texture": "#0"},
				"up": {"uv": [8.25, 8.125, 8.125, 7.5], "texture": "#0"},
				"down": {"uv": [8.375, 7.5, 8.25, 8.125], "texture": "#0"}
			}
		},
		{
			"name": "gattling_tubes",
			"from": [1, 1, 0],
			"to": [25, 2, 1],
			"faces": {
				"north": {"uv": [0.125, 5.125, 3.125, 5.25], "texture": "#0"},
				"east": {"uv": [0, 5.125, 0.125, 5.25], "texture": "#0"},
				"south": {"uv": [3.25, 5.125, 6.25, 5.25], "texture": "#0"},
				"west": {"uv": [3.125, 5.125, 3.25, 5.25], "texture": "#0"},
				"up": {"uv": [3.125, 5.125, 0.125, 5], "texture": "#0"},
				"down": {"uv": [6.125, 5, 3.125, 5.125], "texture": "#0"}
			}
		},
		{
			"name": "gattling_tubes",
			"from": [1, 3, -1],
			"to": [25, 4, 0],
			"faces": {
				"north": {"uv": [0.125, 4.875, 3.125, 5], "texture": "#0"},
				"east": {"uv": [0, 4.875, 0.125, 5], "texture": "#0"},
				"south": {"uv": [3.25, 4.875, 6.25, 5], "texture": "#0"},
				"west": {"uv": [3.125, 4.875, 3.25, 5], "texture": "#0"},
				"up": {"uv": [3.125, 4.875, 0.125, 4.75], "texture": "#0"},
				"down": {"uv": [6.125, 4.75, 3.125, 4.875], "texture": "#0"}
			}
		},
		{
			"name": "gattling_tubes",
			"from": [1, 5, 0],
			"to": [25, 6, 1],
			"faces": {
				"north": {"uv": [0.125, 4.625, 3.125, 4.75], "texture": "#0"},
				"east": {"uv": [0, 4.625, 0.125, 4.75], "texture": "#0"},
				"south": {"uv": [3.25, 4.625, 6.25, 4.75], "texture": "#0"},
				"west": {"uv": [3.125, 4.625, 3.25, 4.75], "texture": "#0"},
				"up": {"uv": [3.125, 4.625, 0.125, 4.5], "texture": "#0"},
				"down": {"uv": [6.125, 4.5, 3.125, 4.625], "texture": "#0"}
			}
		},
		{
			"name": "gattling_tubes",
			"from": [1, 6, 2],
			"to": [25, 7, 3],
			"faces": {
				"north": {"uv": [0.125, 4.375, 3.125, 4.5], "texture": "#0"},
				"east": {"uv": [0, 4.375, 0.125, 4.5], "texture": "#0"},
				"south": {"uv": [3.25, 4.375, 6.25, 4.5], "texture": "#0"},
				"west": {"uv": [3.125, 4.375, 3.25, 4.5], "texture": "#0"},
				"up": {"uv": [3.125, 4.375, 0.125, 4.25], "texture": "#0"},
				"down": {"uv": [6.125, 4.25, 3.125, 4.375], "texture": "#0"}
			}
		},
		{
			"name": "gattling_tubes",
			"from": [1, 5, 4],
			"to": [25, 6, 5],
			"faces": {
				"north": {"uv": [0.125, 4.125, 3.125, 4.25], "texture": "#0"},
				"east": {"uv": [0, 4.125, 0.125, 4.25], "texture": "#0"},
				"south": {"uv": [3.25, 4.125, 6.25, 4.25], "texture": "#0"},
				"west": {"uv": [3.125, 4.125, 3.25, 4.25], "texture": "#0"},
				"up": {"uv": [3.125, 4.125, 0.125, 4], "texture": "#0"},
				"down": {"uv": [6.125, 4, 3.125, 4.125], "texture": "#0"}
			}
		},
		{
			"name": "gattling_tubes",
			"from": [1, 3, 5],
			"to": [25, 4, 6],
			"faces": {
				"north": {"uv": [0.125, 3.875, 3.125, 4], "texture": "#0"},
				"east": {"uv": [0, 3.875, 0.125, 4], "texture": "#0"},
				"south": {"uv": [3.25, 3.875, 6.25, 4], "texture": "#0"},
				"west": {"uv": [3.125, 3.875, 3.25, 4], "texture": "#0"},
				"up": {"uv": [3.125, 3.875, 0.125, 3.75], "texture": "#0"},
				"down": {"uv": [6.125, 3.75, 3.125, 3.875], "texture": "#0"}
			}
		},
		{
			"name": "gattling_tubes",
			"from": [1, 1, 4],
			"to": [25, 2, 5],
			"faces": {
				"north": {"uv": [0.125, 3.625, 3.125, 3.75], "texture": "#0"},
				"east": {"uv": [0, 3.625, 0.125, 3.75], "texture": "#0"},
				"south": {"uv": [3.25, 3.625, 6.25, 3.75], "texture": "#0"},
				"west": {"uv": [3.125, 3.625, 3.25, 3.75], "texture": "#0"},
				"up": {"uv": [3.125, 3.625, 0.125, 3.5], "texture": "#0"},
				"down": {"uv": [6.125, 3.5, 3.125, 3.625], "texture": "#0"}
			}
		},
		{
			"name": "gattling_tubes",
			"from": [1, 0, 2],
			"to": [25, 1, 3],
			"faces": {
				"north": {"uv": [0.125, 3.375, 3.125, 3.5], "texture": "#0"},
				"east": {"uv": [0, 3.375, 0.125, 3.5], "texture": "#0"},
				"south": {"uv": [3.25, 3.375, 6.25, 3.5], "texture": "#0"},
				"west": {"uv": [3.125, 3.375, 3.25, 3.5], "texture": "#0"},
				"up": {"uv": [3.125, 3.375, 0.125, 3.25], "texture": "#0"},
				"down": {"uv": [6.125, 3.25, 3.125, 3.375], "texture": "#0"}
			}
		},
		{
			"name": "brace_piece",
			"from": [8, 0, -1],
			"to": [9, 7, 6],
			"faces": {
				"north": {"uv": [7, 7.25, 7.125, 8.125], "texture": "#0"},
				"east": {"uv": [6.125, 7.25, 7, 8.125], "texture": "#0"},
				"south": {"uv": [8, 7.25, 8.125, 8.125], "texture": "#0"},
				"west": {"uv": [7.125, 7.25, 8, 8.125], "texture": "#0"},
				"up": {"uv": [7.125, 7.25, 7, 6.375], "texture": "#0"},
				"down": {"uv": [7.25, 6.375, 7.125, 7.25], "texture": "#0"}
			}
		},
		{
			"name": "brace_piece",
			"from": [8, -1, 0],
			"to": [9, 0, 5],
			"faces": {
				"north": {"uv": [8.125, 4.75, 8.25, 4.875], "texture": "#0"},
				"east": {"uv": [7.5, 4.75, 8.125, 4.875], "texture": "#0"},
				"south": {"uv": [8.875, 4.75, 9, 4.875], "texture": "#0"},
				"west": {"uv": [8.25, 4.75, 8.875, 4.875], "texture": "#0"},
				"up": {"uv": [8.25, 4.75, 8.125, 4.125], "texture": "#0"},
				"down": {"uv": [8.375, 4.125, 8.25, 4.75], "texture": "#0"}
			}
		},
		{
			"name": "brace_piece",
			"from": [8, 1, -2],
			"to": [9, 6, -1],
			"faces": {
				"north": {"uv": [6.875, 1.375, 7, 2], "rotation": 180, "texture": "#0"},
				"east": {"uv": [6.75, 1.375, 6.875, 2], "texture": "#0"},
				"south": {"uv": [7.125, 1.375, 7.25, 2], "texture": "#0"},
				"west": {"uv": [7, 1.375, 7.125, 2], "rotation": 270, "texture": "#0"},
				"up": {"uv": [7, 1.375, 6.875, 1.25], "texture": "#0"},
				"down": {"uv": [7.125, 1.25, 7, 1.375], "rotation": 180, "texture": "#0"}
			}
		},
		{
			"name": "brace_piece",
			"from": [8, 1, 6],
			"to": [9, 6, 7],
			"faces": {
				"north": {"uv": [1.75, 6.625, 1.875, 7.25], "rotation": 180, "texture": "#0"},
				"east": {"uv": [1.625, 6.625, 1.75, 7.25], "texture": "#0"},
				"south": {"uv": [2, 6.625, 2.125, 7.25], "texture": "#0"},
				"west": {"uv": [1.875, 6.625, 2, 7.25], "rotation": 270, "texture": "#0"},
				"up": {"uv": [1.875, 6.625, 1.75, 6.5], "texture": "#0"},
				"down": {"uv": [2, 6.5, 1.875, 6.625], "rotation": 180, "texture": "#0"}
			}
		},
		{
			"name": "brace_piece",
			"from": [8, 7, 0],
			"to": [9, 8, 5],
			"faces": {
				"north": {"uv": [8, 3.125, 8.125, 3.25], "texture": "#0"},
				"east": {"uv": [7.375, 3.125, 8, 3.25], "texture": "#0"},
				"south": {"uv": [8.75, 3.125, 8.875, 3.25], "texture": "#0"},
				"west": {"uv": [8.125, 3.125, 8.75, 3.25], "texture": "#0"},
				"up": {"uv": [8.125, 3.125, 8, 2.5], "texture": "#0"},
				"down": {"uv": [8.25, 2.5, 8.125, 3.125], "texture": "#0"}
			}
		},
		{
			"name": "brace_piece",
			"from": [15, 0, -1],
			"to": [16, 7, 6],
			"faces": {
				"north": {"uv": [5, 7.25, 5.125, 8.125], "texture": "#0"},
				"east": {"uv": [4.125, 7.25, 5, 8.125], "texture": "#0"},
				"south": {"uv": [6, 7.25, 6.125, 8.125], "texture": "#0"},
				"west": {"uv": [5.125, 7.25, 6, 8.125], "texture": "#0"},
				"up": {"uv": [5.125, 7.25, 5, 6.375], "texture": "#0"},
				"down": {"uv": [5.25, 6.375, 5.125, 7.25], "texture": "#0"}
			}
		},
		{
			"name": "brace_piece",
			"from": [15, -1, 0],
			"to": [16, 0, 5],
			"faces": {
				"north": {"uv": [7.875, 7, 8, 7.125], "texture": "#0"},
				"east": {"uv": [7.25, 7, 7.875, 7.125], "texture": "#0"},
				"south": {"uv": [8.625, 7, 8.75, 7.125], "texture": "#0"},
				"west": {"uv": [8, 7, 8.625, 7.125], "texture": "#0"},
				"up": {"uv": [8, 7, 7.875, 6.375], "texture": "#0"},
				"down": {"uv": [8.125, 6.375, 8, 7], "texture": "#0"}
			}
		},
		{
			"name": "brace_piece",
			"from": [15, 1, -2],
			"to": [16, 6, -1],
			"faces": {
				"north": {"uv": [1.25, 6.625, 1.375, 7.25], "rotation": 180, "texture": "#0"},
				"east": {"uv": [1.125, 6.625, 1.25, 7.25], "texture": "#0"},
				"south": {"uv": [1.5, 6.625, 1.625, 7.25], "texture": "#0"},
				"west": {"uv": [1.375, 6.625, 1.5, 7.25], "rotation": 270, "texture": "#0"},
				"up": {"uv": [1.375, 6.625, 1.25, 6.5], "texture": "#0"},
				"down": {"uv": [1.5, 6.5, 1.375, 6.625], "rotation": 180, "texture": "#0"}
			}
		},
		{
			"name": "brace_piece",
			"from": [15, 1, 6],
			"to": [16, 6, 7],
			"faces": {
				"north": {"uv": [0.125, 6.625, 0.25, 7.25], "rotation": 180, "texture": "#0"},
				"east": {"uv": [0, 6.625, 0.125, 7.25], "texture": "#0"},
				"south": {"uv": [0.375, 6.625, 0.5, 7.25], "texture": "#0"},
				"west": {"uv": [0.25, 6.625, 0.375, 7.25], "rotation": 270, "texture": "#0"},
				"up": {"uv": [0.25, 6.625, 0.125, 6.5], "texture": "#0"},
				"down": {"uv": [0.375, 6.5, 0.25, 6.625], "rotation": 180, "texture": "#0"}
			}
		},
		{
			"name": "brace_piece",
			"from": [15, 7, 0],
			"to": [16, 8, 5],
			"faces": {
				"north": {"uv": [7.875, 0.625, 8, 0.75], "texture": "#0"},
				"east": {"uv": [7.25, 0.625, 7.875, 0.75], "texture": "#0"},
				"south": {"uv": [8.625, 0.625, 8.75, 0.75], "texture": "#0"},
				"west": {"uv": [8, 0.625, 8.625, 0.75], "texture": "#0"},
				"up": {"uv": [8, 0.625, 7.875, 0], "texture": "#0"},
				"down": {"uv": [8.125, 0, 8, 0.625], "texture": "#0"}
			}
		},
		{
			"name": "brace_piece",
			"from": [-5, -1, -2],
			"to": [0, 8, 7],
			"faces": {
				"north": {"uv": [6.25, 5.25, 6.875, 6.375], "texture": "#0"},
				"east": {"uv": [5.125, 5.25, 6.25, 6.375], "texture": "#0"},
				"south": {"uv": [8, 5.25, 8.625, 6.375], "texture": "#0"},
				"west": {"uv": [6.875, 5.25, 8, 6.375], "texture": "#0"},
				"up": {"uv": [6.875, 5.25, 6.25, 4.125], "texture": "#0"},
				"down": {"uv": [7.5, 4.125, 6.875, 5.25], "texture": "#0"}
			}
		},
		{
			"name": "brace_piece",
			"from": [-5, -2, -1],
			"to": [0, 1, 6],
			"faces": {
				"north": {"uv": [0.875, 6.125, 1.5, 6.5], "texture": "#0"},
				"east": {"uv": [0, 6.125, 0.875, 6.5], "texture": "#0"},
				"south": {"uv": [2.375, 6.125, 3, 6.5], "texture": "#0"},
				"west": {"uv": [1.5, 6.125, 2.375, 6.5], "texture": "#0"},
				"up": {"uv": [1.5, 6.125, 0.875, 5.25], "texture": "#0"},
				"down": {"uv": [2.125, 5.25, 1.5, 6.125], "texture": "#0"}
			}
		},
		{
			"name": "brace_piece",
			"from": [-5, 0, -3],
			"to": [0, 7, 0],
			"faces": {
				"north": {"uv": [7.75, 1.625, 8.375, 2.5], "rotation": 180, "texture": "#0"},
				"east": {"uv": [7.375, 1.625, 7.75, 2.5], "texture": "#0"},
				"south": {"uv": [8.75, 1.625, 9.375, 2.5], "texture": "#0"},
				"west": {"uv": [8.375, 1.625, 8.75, 2.5], "rotation": 270, "texture": "#0"},
				"up": {"uv": [8.375, 1.625, 7.75, 1.25], "texture": "#0"},
				"down": {"uv": [9, 1.25, 8.375, 1.625], "rotation": 180, "texture": "#0"}
			}
		},
		{
			"name": "brace_piece",
			"from": [-5, 0, 5],
			"to": [0, 7, 8],
			"faces": {
				"north": {"uv": [2.375, 7.375, 3, 8.25], "rotation": 180, "texture": "#0"},
				"east": {"uv": [2, 7.375, 2.375, 8.25], "texture": "#0"},
				"south": {"uv": [3.375, 7.375, 4, 8.25], "texture": "#0"},
				"west": {"uv": [3, 7.375, 3.375, 8.25], "rotation": 270, "texture": "#0"},
				"up": {"uv": [3, 7.375, 2.375, 7], "texture": "#0"},
				"down": {"uv": [3.625, 7, 3, 7.375], "rotation": 180, "texture": "#0"}
			}
		},
		{
			"name": "brace_piece",
			"from": [-5, 6, -1],
			"to": [0, 9, 6],
			"faces": {
				"north": {"uv": [6, 0.875, 6.625, 1.25], "texture": "#0"},
				"east": {"uv": [5.125, 0.875, 6, 1.25], "texture": "#0"},
				"south": {"uv": [7.5, 0.875, 8.125, 1.25], "texture": "#0"},
				"west": {"uv": [6.625, 0.875, 7.5, 1.25], "texture": "#0"},
				"up": {"uv": [6.625, 0.875, 6, 0], "texture": "#0"},
				"down": {"uv": [7.25, 0, 6.625, 0.875], "texture": "#0"}
			}
		},
		{
			"name": "brace_piece",
			"from": [17, 0, -1],
			"to": [18, 7, 6],
			"faces": {
				"north": {"uv": [7.125, 3.25, 7.25, 4.125], "texture": "#0"},
				"east": {"uv": [6.25, 3.25, 7.125, 4.125], "texture": "#0"},
				"south": {"uv": [8.125, 3.25, 8.25, 4.125], "texture": "#0"},
				"west": {"uv": [7.25, 3.25, 8.125, 4.125], "texture": "#0"},
				"up": {"uv": [7.25, 3.25, 7.125, 2.375], "texture": "#0"},
				"down": {"uv": [7.375, 2.375, 7.25, 3.25], "texture": "#0"}
			}
		},
		{
			"name": "brace_piece",
			"from": [17, -1, 0],
			"to": [18, 0, 5],
			"faces": {
				"north": {"uv": [5.875, 7, 6, 7.125], "texture": "#0"},
				"east": {"uv": [5.25, 7, 5.875, 7.125], "texture": "#0"},
				"south": {"uv": [6.625, 7, 6.75, 7.125], "texture": "#0"},
				"west": {"uv": [6, 7, 6.625, 7.125], "texture": "#0"},
				"up": {"uv": [6, 7, 5.875, 6.375], "texture": "#0"},
				"down": {"uv": [6.125, 6.375, 6, 7], "texture": "#0"}
			}
		},
		{
			"name": "brace_piece",
			"from": [17, 1, -2],
			"to": [18, 6, -1],
			"faces": {
				"north": {"uv": [4.75, 5.375, 4.875, 6], "rotation": 180, "texture": "#0"},
				"east": {"uv": [4.625, 5.375, 4.75, 6], "texture": "#0"},
				"south": {"uv": [5, 5.375, 5.125, 6], "texture": "#0"},
				"west": {"uv": [4.875, 5.375, 5, 6], "rotation": 270, "texture": "#0"},
				"up": {"uv": [4.875, 5.375, 4.75, 5.25], "texture": "#0"},
				"down": {"uv": [5, 5.25, 4.875, 5.375], "rotation": 180, "texture": "#0"}
			}
		},
		{
			"name": "brace_piece",
			"from": [17, 1, 6],
			"to": [18, 6, 7],
			"faces": {
				"north": {"uv": [4.25, 5.375, 4.375, 6], "rotation": 180, "texture": "#0"},
				"east": {"uv": [4.125, 5.375, 4.25, 6], "texture": "#0"},
				"south": {"uv": [4.5, 5.375, 4.625, 6], "texture": "#0"},
				"west": {"uv": [4.375, 5.375, 4.5, 6], "rotation": 270, "texture": "#0"},
				"up": {"uv": [4.375, 5.375, 4.25, 5.25], "texture": "#0"},
				"down": {"uv": [4.5, 5.25, 4.375, 5.375], "rotation": 180, "texture": "#0"}
			}
		},
		{
			"name": "brace_piece",
			"from": [17, 7, 0],
			"to": [18, 8, 5],
			"faces": {
				"north": {"uv": [2.75, 5.875, 2.875, 6], "texture": "#0"},
				"east": {"uv": [2.125, 5.875, 2.75, 6], "texture": "#0"},
				"south": {"uv": [3.5, 5.875, 3.625, 6], "texture": "#0"},
				"west": {"uv": [2.875, 5.875, 3.5, 6], "texture": "#0"},
				"up": {"uv": [2.875, 5.875, 2.75, 5.25], "texture": "#0"},
				"down": {"uv": [3, 5.25, 2.875, 5.875], "texture": "#0"}
			}
		},
		{
			"name": "brace_piece",
			"from": [6, 0, -1],
			"to": [7, 7, 6],
			"faces": {
				"north": {"uv": [3.875, 6.125, 4, 7], "texture": "#0"},
				"east": {"uv": [3, 6.125, 3.875, 7], "texture": "#0"},
				"south": {"uv": [4.875, 6.125, 5, 7], "texture": "#0"},
				"west": {"uv": [4, 6.125, 4.875, 7], "texture": "#0"},
				"up": {"uv": [4, 6.125, 3.875, 5.25], "texture": "#0"},
				"down": {"uv": [4.125, 5.25, 4, 6.125], "texture": "#0"}
			}
		},
		{
			"name": "brace_piece",
			"from": [6, -1, 0],
			"to": [7, 0, 5],
			"faces": {
				"north": {"uv": [0.625, 1.375, 0.75, 1.5], "texture": "#0"},
				"east": {"uv": [0, 1.375, 0.625, 1.5], "texture": "#0"},
				"south": {"uv": [1.375, 1.375, 1.5, 1.5], "texture": "#0"},
				"west": {"uv": [0.75, 1.375, 1.375, 1.5], "texture": "#0"},
				"up": {"uv": [0.75, 1.375, 0.625, 0.75], "texture": "#0"},
				"down": {"uv": [0.875, 0.75, 0.75, 1.375], "texture": "#0"}
			}
		},
		{
			"name": "brace_piece",
			"from": [6, 1, -2],
			"to": [7, 6, -1],
			"faces": {
				"north": {"uv": [0.125, 5.375, 0.25, 6], "rotation": 180, "texture": "#0"},
				"east": {"uv": [0, 5.375, 0.125, 6], "texture": "#0"},
				"south": {"uv": [0.375, 5.375, 0.5, 6], "texture": "#0"},
				"west": {"uv": [0.25, 5.375, 0.375, 6], "rotation": 270, "texture": "#0"},
				"up": {"uv": [0.25, 5.375, 0.125, 5.25], "texture": "#0"},
				"down": {"uv": [0.375, 5.25, 0.25, 5.375], "rotation": 180, "texture": "#0"}
			}
		},
		{
			"name": "brace_piece",
			"from": [6, 1, 6],
			"to": [7, 6, 7],
			"faces": {
				"north": {"uv": [5.25, 0.125, 5.375, 0.75], "rotation": 180, "texture": "#0"},
				"east": {"uv": [5.125, 0.125, 5.25, 0.75], "texture": "#0"},
				"south": {"uv": [5.5, 0.125, 5.625, 0.75], "texture": "#0"},
				"west": {"uv": [5.375, 0.125, 5.5, 0.75], "rotation": 270, "texture": "#0"},
				"up": {"uv": [5.375, 0.125, 5.25, 0], "texture": "#0"},
				"down": {"uv": [5.5, 0, 5.375, 0.125], "rotation": 180, "texture": "#0"}
			}
		},
		{
			"name": "brace_piece",
			"from": [6, 7, 0],
			"to": [7, 8, 5],
			"faces": {
				"north": {"uv": [0.625, 0.625, 0.75, 0.75], "texture": "#0"},
				"east": {"uv": [0, 0.625, 0.625, 0.75], "texture": "#0"},
				"south": {"uv": [1.375, 0.625, 1.5, 0.75], "texture": "#0"},
				"west": {"uv": [0.75, 0.625, 1.375, 0.75], "texture": "#0"},
				"up": {"uv": [0.75, 0.625, 0.625, 0], "texture": "#0"},
				"down": {"uv": [0.875, 0, 0.75, 0.625], "texture": "#0"}
			}
		},
		{
			"from": [-16, -3, -4],
			"to": [-2, 10, 9],
			"faces": {
				"north": {"uv": [1.625, 1.625, 3.375, 3.25], "texture": "#0"},
				"east": {"uv": [0, 1.625, 1.625, 3.25], "texture": "#0"},
				"south": {"uv": [5, 1.625, 6.75, 3.25], "texture": "#0"},
				"west": {"uv": [3.375, 1.625, 5, 3.25], "texture": "#0"},
				"up": {"uv": [3.375, 1.625, 1.625, 0], "texture": "#0"},
				"down": {"uv": [5.125, 0, 3.375, 1.625], "texture": "#0"}
			}
		}
	],
	"gui_light": "front",
	"display": {
		"thirdperson_righthand": {
			"rotation": [67.75, 90.5, 0],
			"translation": [2.5, 6, 0],
			"scale": [0.5, 0.5, 0.5]
		},
		"thirdperson_lefthand": {
			"rotation": [-21, 0, -88],
			"translation": [2, 6, -1],
			"scale": [0.5, 0.5, 0.5]
		},
		"firstperson_righthand": {
			"rotation": [0, 98, 0],
			"translation": [1.25, 5, 0],
			"scale": [0.5, 0.5, 0.5]
		},
		"firstperson_lefthand": {
			"rotation": [0, -92, 0],
			"translation": [-2.5, 4.75, 0],
			"scale": [0.5, 0.5, 0.5]
		},
		"ground": {
			"translation": [0, 4.25, 0],
			"scale": [0.5, 0.5, 0.5]
		},
		"gui": {
			"rotation": [45, 131, 0],
			"translation": [0, 4, 0],
			"scale": [0.45, 0.45, 0.45]
		},
		"head": {
			"rotation": [0, 87, 0],
			"translation": [3.5, 0, 0]
		}
	},
	"groups": [
		{
			"name": "gattling_brace",
			"origin": [0, 0, 0],
			"color": 0,
			"children": [0, 1, 2, 3, 4]
		},
		{
			"name": "gattling_tubes",
			"origin": [0, 0, 0],
			"color": 0,
			"children": [5, 6, 7, 8, 9, 10, 11, 12]
		},
		{
			"name": "gattling_brace",
			"origin": [0, 0, 0],
			"color": 0,
			"children": [13, 14, 15, 16, 17]
		},
		{
			"name": "gattling_brace",
			"origin": [0, 0, 0],
			"color": 0,
			"children": [18, 19, 20, 21, 22]
		},
		{
			"name": "gattling_mount",
			"origin": [0, 0, 0],
			"color": 0,
			"children": [23, 24, 25, 26, 27]
		},
		{
			"name": "gattling_brace",
			"origin": [0, 0, 0],
			"color": 0,
			"children": [28, 29, 30, 31, 32]
		},
		{
			"name": "gattling_brace",
			"origin": [0, 0, 0],
			"color": 0,
			"children": [33, 34, 35, 36, 37]
		}, 38]
}